commit,committed_utc,author_date,elapsed_hours,in_research_window,subject
e25c13403bac556871adb8667e2b470af05b0a0e,2026-09-10T21:00:37+00:00,2026-09-10T21:00:37+00:00,0.06416666666666666,True,research: Initialize 48-hour Kourovka investigation
0c02fbb17cde9d025a1a93c26dd0d3686007c646,2026-09-10T21:05:23+00:00,2026-09-10T21:05:23+00:00,0.1436111111111111,True,research: Prove candidate counterexample to Problem 21.106
73950fc73ac8bf1e803e36694792a63e9b205f62,2026-09-10T21:19:03+00:00,2026-09-10T21:19:03+00:00,0.3713888888888889,True,"research: Index problems, audit first candidate, and launch exact searches"
48f89760bc589ddad21782c1fc2710135bc431a1,2026-09-10T21:21:56+00:00,2026-09-10T21:21:56+00:00,0.41944444444444445,True,research: Complete initial finite searches and test projectivity
b00b880a68144a83e86514b1917bf3b81343aacc,2026-09-10T21:42:35+00:00,2026-09-10T21:42:35+00:00,0.7636111111111111,True,research: Construct candidate for finite-centre Golod groups and expand exact searches
b273b91ace4f0dbe3b9e7a4784a8f4d3aa5f5493,2026-09-10T21:43:21+00:00,2026-09-10T21:43:21+00:00,0.7763888888888889,True,research: Complete positive trace-word exclusion through length 36
b6343da52abc8a592e92826f10856050128af54e,2026-09-10T22:03:46+00:00,2026-09-10T22:03:46+00:00,1.1166666666666667,True,research: Prove candidate nonattainment of the Jordan exponent and test Sylow intersections
ff18d3744ba80cc2ccc4a466ed6ea92608469200,2026-09-10T22:23:39+00:00,2026-09-10T22:23:39+00:00,1.4480555555555557,True,Audit subdirect quotient counterexample and extend endomorphism counts
c3b6dc4c6314c99146a5e7603b640f6969e35080,2026-09-10T22:31:02+00:00,2026-09-10T22:31:02+00:00,1.5711111111111111,True,Certify order-64 counterexample to stronger endomorphism inequality
98577679c9d08399c5b3a784ca7899c63fd8e2a8,2026-09-10T22:31:56+00:00,2026-09-10T22:31:56+00:00,1.586111111111111,True,Complete Sylow-intersection coverage through order 2000
1cea66c29ca763794100c1bdf35d82bc1ee1c7ef,2026-09-10T22:51:18+00:00,2026-09-10T22:51:18+00:00,1.9088888888888889,True,Archive coset-union work after locating September resolution
1ab9bd92b9b4e1509a477d1b11d2890b073a2ece,2026-09-10T23:00:47+00:00,2026-09-10T23:00:47+00:00,2.0669444444444443,True,Construct semi-abelian non-monomial group of order2592
a43031f2de34643534c2900251762fc59be950e8,2026-09-10T23:20:15+00:00,2026-09-10T23:20:15+00:00,2.391388888888889,True,Give candidate negative answers to 16.87 and extend 19.20 search
8c64226aece59351dec1df90b2d33d6c401116a4,2026-09-10T23:36:22+00:00,2026-09-10T23:36:22+00:00,2.66,True,Certify odd-order counting counterexample and record 21.42 literature resolution
3c63ffe8a4115bc49fc3f47edfb8a10056546466,2026-09-10T23:51:24+00:00,2026-09-10T23:51:24+00:00,2.9105555555555553,True,Give candidate negative answer to 10.35 via a degree-two matrix obstruction
6907a4ae0090d73f5a73392652877426d71adb6e,2026-09-11T00:04:41+00:00,2026-09-11T00:04:41+00:00,3.1319444444444446,True,Construct a closed algebraic-group subset with every higher power nonclosed
e8fa4cf57c07aa5135d58872e9ca4661fafbaeea,2026-09-11T00:22:05+00:00,2026-09-11T00:22:05+00:00,3.4219444444444442,True,Separate divisible nilpotent subgroups by a class-preserving PBW module
bc44775b929ed34a1957ec994552e726f9a212e5,2026-09-11T00:30:36+00:00,2026-09-11T00:30:36+00:00,3.563888888888889,True,Reclassify 17.34 using the prior filtered Lie amalgamation theorem
6be791bd1b408df1a4e60fecf08877ed8ac2617a,2026-09-11T00:31:01+00:00,2026-09-11T00:31:01+00:00,3.5708333333333333,True,Correct the sequencing survey title in the triage bibliography
d7cff05a06f2ee1d9d31110d3b9607707bc4e592,2026-09-11T00:48:06+00:00,2026-09-11T00:48:06+00:00,3.8555555555555556,True,Give a coefficient-support counterexample to the Nullstellensatz claim in 14.22
f77dd8b6edd01e152abd3f50a92fe1e518881fdc,2026-09-11T01:20:23+00:00,2026-09-11T01:20:23+00:00,4.393611111111111,True,Prove the infinite-dihedral Cayley case of 15.89 and record a recent E-group claim
0b80fca1b0708086b6b1685f21ad0835678cb30a,2026-09-11T01:22:03+00:00,2026-09-11T01:22:03+00:00,4.421388888888889,True,Construct finite modular nondistributive dominion lattices for 16.20
cd8ed15b7c4f128dfdf700104856820679b74209,2026-09-11T01:28:19+00:00,2026-09-11T01:28:19+00:00,4.525833333333333,True,Check 16.14 through order 256 and prove its exponent-four case
043cc07956c1055ac850a7a1cbc6d53852f5a467,2026-09-11T01:28:54+00:00,2026-09-11T01:28:54+00:00,4.535555555555556,True,Checkpoint the continuing order-256 equality search
cab9517f3796217578da6c2c56638ec80af1ce11,2026-09-11T01:55:56+00:00,2026-09-11T01:55:56+00:00,4.986111111111111,True,Construct a candidate infinite-variable obstruction for 17.33
bd9c2588ef89037f1b4c6486c6be936f77f6be47,2026-09-11T01:57:45+00:00,2026-09-11T01:57:45+00:00,5.016388888888889,True,Certify binary matrix search and record prior-result exclusions
94137b11ac0a0708b036877d60c1b21c2fb38e92,2026-09-11T02:06:13+00:00,2026-09-11T02:06:13+00:00,5.1575,True,Checkpoint live GAP search after the tenth candidate proof
a13afe7717d6efe72d810e56dbc55701fbe631e2,2026-09-11T02:22:25+00:00,2026-09-11T02:22:25+00:00,5.4275,True,Construct homogeneous extensions of group representations for 17.101
ce6704b0db681258618af5aef15e90db072d6228,2026-09-11T02:44:56+00:00,2026-09-11T02:44:56+00:00,5.802777777777778,True,Certify character screens and record a cofinite-theory partial result
48b50100be8b7b5cb7e5d8021f800924f1cd86ff,2026-09-11T02:59:43+00:00,2026-09-11T02:59:43+00:00,6.049166666666666,True,Construct and verify a nonsplit division-ring extension for 18.76
fa3f208dcac4690b1a4be6d0e822ec8b7b953294,2026-09-11T03:04:53+00:00,2026-09-11T03:04:53+00:00,6.135277777777778,True,Construct complete formation lattices answering both parts of 18.92
39951ea08fe1789654472ad5732ef7395769ec6d,2026-09-11T03:11:14+00:00,2026-09-11T03:11:14+00:00,6.2411111111111115,True,Record prior central-extension resolution and next Issue 18 leads
081e40468d007db5f850a471729b971d90f5ab53,2026-09-11T03:31:50+00:00,2026-09-11T03:31:50+00:00,6.584444444444444,True,Complete characteristic-five equality screen with independent affine checks
5885ee32eda90b78acc441daf932a234fdc7b906,2026-09-11T03:34:52+00:00,2026-09-11T03:34:52+00:00,6.635,True,Derive and audit tensor-square answers from central extension theorems
fdae4628134ccdc4c131a99fa8d5936aa6b8796c,2026-09-11T03:40:01+00:00,2026-09-11T03:40:01+00:00,6.720833333333333,True,Record Issue 19 literature scope and transformation terminology gap
ba920684f3379bf75f045e2771bc97e8dea32568,2026-09-11T04:02:45+00:00,2026-09-11T04:02:45+00:00,7.099722222222222,True,Prove and independently check an odd-prime support-order subclass
19a7941033696d1d53f5ebc1c6e4e9359c2f80e9,2026-09-11T04:22:35+00:00,2026-09-11T04:22:35+00:00,7.4302777777777775,True,Derive and audit the answers to 20.8 and 20.11 from prior work
994b376a04fcdab828f66bac5f23c3c322171be6,2026-09-11T04:26:43+00:00,2026-09-11T04:26:43+00:00,7.4991666666666665,True,Prove the oracle universal-group consequence for 20.33
6beb7b5adc363f5d4f82c15c2bce2632d60f72dc,2026-09-11T04:39:52+00:00,2026-09-11T04:39:52+00:00,7.718333333333334,True,Construct centreless groups with multiple-holomorph cosets of unbounded order
8aba97f381d6ff930461af57c9b683e9c9009d3d,2026-09-11T04:47:34+00:00,2026-09-11T04:47:34+00:00,7.846666666666667,True,Verify the 20.30 and 20.52 screens and identify the prior answer to 20.108c
71b7857f2e8ca7fbe739ac7ca0a22a2655a6bd55,2026-09-11T05:10:54+00:00,2026-09-11T05:10:54+00:00,8.235555555555555,True,Construct two finitely generated non-prosoluble profinite CN groups for 20.90
c11fa74ee5e6799373d85c72ba07ff0220928f4b,2026-09-11T05:35:47+00:00,2026-09-11T05:35:47+00:00,8.650277777777777,True,"Reduce 20.100 to finite abelian groups and certify the all-group cases n=4,5"
49a5c54924024609a6e97703bbee4c8bcd7f4a88,2026-09-11T05:38:10+00:00,2026-09-11T05:38:10+00:00,8.69,True,Record completion of the n=6 certificate with verification still pending
7e0ae781bbc6ab020682b7e1619fb119f90528d9,2026-09-11T06:05:54+00:00,2026-09-11T06:05:54+00:00,9.152222222222223,True,Certify the all-group n=6 case of 20.100 with independent GAP verification
519f17a319a5f82bcfbd3f0673adaefe9f44f679,2026-09-11T06:15:55+00:00,2026-09-11T06:15:55+00:00,9.319166666666666,True,Prove finite subgroup-lattice dimension for the Chernikov groups in 11.116
6052c9bd473b96333214891100fb75d4be95f8ac,2026-09-11T06:24:58+00:00,2026-09-11T06:24:58+00:00,9.47,True,Resume proof prefixes and partition independent verification with complete coverage checks
3d0172709aedae309f231e32979b2d8eb48f63bc,2026-09-11T06:26:20+00:00,2026-09-11T06:26:20+00:00,9.492777777777778,True,Save older-problem triage and verified live-job checkpoint
3b7a239d1921a10f7806c30867a8688049deaedf,2026-09-11T06:50:45+00:00,2026-09-11T06:50:45+00:00,9.899722222222222,True,Bound presentation growth in 12.56 and preserve resumed n7 search evidence
c74c2eb0a6f192d32c831d801a5b9f38f0404d3d,2026-09-11T07:05:57+00:00,2026-09-11T07:05:57+00:00,10.153055555555556,True,Construct a smooth fixed divisor with singular cyclic quotient for 14.72
e19d9298d6f714413658691b901d065d9b838cea,2026-09-11T07:09:05+00:00,2026-09-11T07:09:05+00:00,10.205277777777777,True,Measure n7 verifier state storage and save audited research checkpoint
476ea6c1f26ebbbdcab897d8aebe64c8f52cbc5e,2026-09-11T07:24:18+00:00,2026-09-11T07:24:18+00:00,10.45888888888889,True,Record the prior negative claim for 15.36 and distinguish nearby theorem scopes
b810372e4dd60cdf47f7f965dfb9c141bb2f9a01,2026-09-11T07:52:47+00:00,2026-09-11T07:52:47+00:00,10.93361111111111,True,Integrate partitioned certificate verification into the 20.100 reporter
928a73619133bcc8e3a6ba692fe4e7fb9d7513ca,2026-09-11T07:53:51+00:00,2026-09-11T07:53:51+00:00,10.95138888888889,True,Prove virtual nilpotence for the rational linear groups in 21.40
16e2886c5a5c340f06fc3a0faa3bad43971045a2,2026-09-11T08:08:51+00:00,2026-09-11T08:08:51+00:00,11.20138888888889,True,Certify complete nonabelian coverage of order 256 for 19.20
b567ffdaecf60466e1a8afd3e8dbac5f403c4e76,2026-09-11T08:10:16+00:00,2026-09-11T08:10:16+00:00,11.225,True,Refute the semiperfectness criterion in 21.60 with a group of order 12
893badd0dc436d5763d758fb67d29ab9eab2a2c2,2026-09-11T08:19:49+00:00,2026-09-11T08:19:49+00:00,11.384166666666667,True,Launch the bounded 19.20 extension and record the prior 11.124 claim
a220cd42613d45d2dd29ff4694bac66856f2d3af,2026-09-11T08:37:43+00:00,2026-09-11T08:37:43+00:00,11.6825,True,Draft a character-theoretic counterexample to projective decomposition uniqueness
100175b8801cfb75a918869caad55c1da53cd587,2026-09-11T08:48:07+00:00,2026-09-11T08:48:07+00:00,11.855833333333333,True,Prove non-unique projective decompositions for 3.A7 at 5 and preserve n7 checkpoint
ed5dd4ee798f775306d12d41eb07b1f810d8af79,2026-09-11T08:48:26+00:00,2026-09-11T08:48:26+00:00,11.86111111111111,True,Preserve completed order 257-511 search partitions at the latest checkpoint
52e58055f288ccda7f939d0a6977678dd9547f15,2026-09-11T09:10:08+00:00,2026-09-11T09:10:08+00:00,12.222777777777777,True,Draft a countable ultrafilter counterexample to expansive sequences and repair table-screen boundary
c7f4955b0f15fa03c232581341b143f3a8c8d745,2026-09-11T09:16:33+00:00,2026-09-11T09:16:33+00:00,12.329722222222221,True,Complete a countable counterexample to Problem 21.107 and audit the full character-table screen
4718d727d56cc360a9e286e77c985bca3536f8c9,2026-09-11T09:50:20+00:00,2026-09-11T09:50:20+00:00,12.892777777777777,True,"Document prior answers to 5.15, 12.11 and 13.39(f) and checkpoint exact searches"
bdc2358d81dcf5a31ecb0d6370ab581357caff49,2026-09-11T10:13:43+00:00,2026-09-11T10:13:43+00:00,13.2825,True,Audit restricted integral-centre searches and central-unit square obstruction
f7d3346e546c856e7ea8a0c3675a86eb5c2d984b,2026-09-11T10:35:54+00:00,2026-09-11T10:35:54+00:00,13.652222222222223,True,Prove central-unit criteria and audit uniform conjugator obstruction
3cb51f7832bf5245fd78c7ad5a3729b14bc172a1,2026-09-11T10:39:27+00:00,2026-09-11T10:39:27+00:00,13.711388888888889,True,Prepare automatic completion audit and sharpen conjugator norm result
43d9766eafb09a6e69987d58706e96d8deeee738,2026-09-11T10:41:00+00:00,2026-09-11T10:41:00+00:00,13.737222222222222,True,Complete and audit nonabelian equality search through order511
7554c006e2378ce81c586889fd6f84fed432c2a7,2026-09-11T10:56:26+00:00,2026-09-11T10:56:26+00:00,13.994444444444444,True,Audit prior sharp transitivity answer and validate nilpotent centralizer reduction
71e97d0b683b35a1ce07c68ac74952ff7dfb6a99,2026-09-11T11:07:39+00:00,2026-09-11T11:07:39+00:00,14.18138888888889,True,Prove prime class centralizer case and audit complete search through order511
47d7fd795c34fdf42330cdd4ac40dcd5bb94f24a,2026-09-11T11:39:59+00:00,2026-09-11T11:39:59+00:00,14.720277777777778,True,Checkpoint n7 certificate verification and 14.3 character-field obstruction
3a5d056ec0b18332b956e5d09ea373c3bb53d551,2026-09-11T11:52:42+00:00,2026-09-11T11:52:42+00:00,14.932222222222222,True,Prove 15.89 negative with a four-regular Cayley graph and finite inverse
fa8441d05a638d5e76cb9681b11e25a10bbfbd1c,2026-09-11T11:55:06+00:00,2026-09-11T11:55:06+00:00,14.972222222222221,True,Retain midday research limits and audit coprime product ratios
5f437512f3416b7af4c2c210180fe7f2a41dd89d,2026-09-11T12:13:33+00:00,2026-09-11T12:13:33+00:00,15.279722222222222,True,Prove exact cubic palindromic length algorithm for Problem 16.9
784dff7270d6ea3a00915637ca03083f9892debf,2026-09-11T12:22:32+00:00,2026-09-11T12:22:32+00:00,15.429444444444444,True,Exclude 19 finite targets for Problem 16.46 with independent controls
9fe2db4ea09b958d2ace034da2d2eccb1304a909,2026-09-11T12:34:07+00:00,2026-09-11T12:34:07+00:00,15.6225,True,Prove both cofinite theory non-enumerability claims in Problem 18.18
77bf38b9d22804f51afacf2561141649b8815016,2026-09-11T12:47:21+00:00,2026-09-11T12:47:21+00:00,15.843055555555555,True,Record prior compact word-map answers with exact quaternion deduction
de94faaeaa550066ac86825ffc6b37280f3f4099,2026-09-11T13:04:10+00:00,2026-09-11T13:04:10+00:00,16.123333333333335,True,Resolve 17.87 as a prior consequence via a superperfect central extension
63ef60f7152e10868a97dde121b29fc6317b3473,2026-09-11T13:24:51+00:00,2026-09-11T13:24:51+00:00,16.468055555555555,True,Record exact prior root-amalgam counterexamples and stability and core-2 answers
275e3fd8c5d66081af79c67480e9019e1a6bb283,2026-09-11T13:38:29+00:00,2026-09-11T13:38:29+00:00,16.69527777777778,True,Audit prior near-Frattini answers and exact knot-group deductions
b1a9388683cf3b29576ccdf9f8f7bfa0e613e1ab,2026-09-11T13:59:29+00:00,2026-09-11T13:59:29+00:00,17.045277777777777,True,Record Hall-Higman consequence for 21.55 and afternoon source limits
d4e45a8027cf88c3df2d330112226f5c2f0b6b70,2026-09-11T14:31:10+00:00,2026-09-11T14:31:10+00:00,17.573333333333334,True,Prove candidate affirmative answer to 19.56 using hyperfocal generation
1aec7f1e2439333d3f76276e3f470812b9d26dc6,2026-09-11T14:37:19+00:00,2026-09-11T14:37:19+00:00,17.675833333333333,True,Record classical computable-coefficient obstruction to 19.60
6603d84061715b5f34c69019480c4e0deff40e67,2026-09-11T14:48:26+00:00,2026-09-11T14:48:26+00:00,17.86111111111111,True,Record exact-exponent obstruction for 20.18 and further source limits
36e9e2e63ff2f4081096ca502418ca9313e55847,2026-09-11T14:58:00+00:00,2026-09-11T14:58:00+00:00,18.020555555555557,True,Audit prior 20.80 theorem and distinguish remaining source hypotheses
1299e46b29a417bd80d2e257c24511e80885ae56,2026-09-11T15:23:19+00:00,2026-09-11T15:23:19+00:00,18.4425,True,Prove uniform large-prime brace averaging candidate for 20.92(a)
3b19e71048095524cfc1e70eacbcb520ed7a0089,2026-09-11T15:43:27+00:00,2026-09-11T15:43:27+00:00,18.778055555555557,True,Record Bass cancellation consequence and bounded formation saturation screen
87ac4066ab85e5c3983ef26001a297184516d5fa,2026-09-11T15:59:01+00:00,2026-09-11T15:59:01+00:00,19.0375,True,Prove 7.27 as a maximal-rank consequence of Fulman-Guralnick
d22dc88d81dd68d0e0021b6306919964702466cd,2026-09-11T16:21:53+00:00,2026-09-11T16:21:53+00:00,19.41861111111111,True,Record countable universal periodic locally nilpotent group for 8.78
622cafa75e6ed36e6ee0c32f43aad3aee97a46b5,2026-09-11T16:25:19+00:00,2026-09-11T16:25:19+00:00,19.475833333333334,True,Deduce negative answer to 9.55 from integral p-adic rigidity
8e41526572b7e38721e31d290e0b339f835bf697,2026-09-11T16:36:24+00:00,2026-09-11T16:36:24+00:00,19.660555555555554,True,Resolve 9.47 candidate via clopen selectors and scattered compact obstruction
0c46c912c6ab05b7af0a4271abf665cb83f08b8b,2026-09-11T17:07:14+00:00,2026-09-11T17:07:14+00:00,20.174444444444443,True,Prove explicit coordinate criterion for orthogonal bases in 9.45
152d4f685750eda46cca6c85dafed8ae911e7142,2026-09-11T17:15:50+00:00,2026-09-11T17:15:50+00:00,20.317777777777778,True,Record subrank equivalence and topological ring scope checks
7298227bcbfed552dd39fdb7cddb55be71859b22,2026-09-11T17:24:43+00:00,2026-09-11T17:24:43+00:00,20.465833333333332,True,Plan a periodic-quotient construction for Problem 10.62
b7b61b33a7bdcb44934b6d56e4bfe9a5c399a4fc,2026-09-11T17:36:27+00:00,2026-09-11T17:36:27+00:00,20.66138888888889,True,Add periodic exponent-2p candidate for Problem 10.62
908b0de6564904ed4cd9546a8f15a8e2ba291d81,2026-09-11T17:48:51+00:00,2026-09-11T17:48:51+00:00,20.868055555555557,True,Record conditional 10.32 cycle-product route and bounded checks
b192acccd1e646a489e259c48b3a6ef418ca0238,2026-09-11T18:09:48+00:00,2026-09-11T18:09:48+00:00,21.217222222222222,True,Prove candidate logarithmic universality bound for problem 10.32
ef47cd4023a3019d89c7049c3d963cd940805abb,2026-09-11T18:16:45+00:00,2026-09-11T18:16:45+00:00,21.333055555555557,True,Record coefficient obstruction in 11.5 and evening triage limits
cc2aeaf3cb351169fede756feea318d2cf37aca0,2026-09-11T18:33:44+00:00,2026-09-11T18:33:44+00:00,21.61611111111111,True,Archive bounded Engel-periodic searches and convention audit
b29463591c20bbba4ea562405e2ec43bf25d5ff3,2026-09-11T18:36:29+00:00,2026-09-11T18:36:29+00:00,21.661944444444444,True,Record and audit recent resolution of subgroup normality problem
aa28c7fc53c43fc42862f267d3cb0a735b005b3f,2026-09-11T18:49:28+00:00,2026-09-11T18:49:28+00:00,21.878333333333334,True,Record tree-free chain-condition consequence and Brandl word obstruction
da9474f2c64b7ed161dc4c9cead8af69b2e50a92,2026-09-11T19:01:28+00:00,2026-09-11T19:01:28+00:00,22.078333333333333,True,Document relation-module partials and coprime count-ratio search
c9499f0edb5f6f5cc41f0a0abcff2a5e41862e18,2026-09-11T19:20:59+00:00,2026-09-11T19:20:59+00:00,22.40361111111111,True,Record Issue 14 and 15 scope checks; plan unitary limit nonrationality proof
bad996d088366f1913aad29b976fdc9a5bbd000d,2026-09-11T19:29:24+00:00,2026-09-11T19:29:24+00:00,22.54388888888889,True,Prove nonrationality of the unitary cyclic limit in Problem 15.65
08d808e80380011594d1a0595f6e15dc3a8f5f86,2026-09-11T19:52:38+00:00,2026-09-11T19:52:38+00:00,22.93111111111111,True,Extend Problem 15.65 nonrationality proof to all classical limits
7e3a157f5c73dcf4de905b4083e9ede10408012a,2026-09-11T20:20:11+00:00,2026-09-11T20:20:11+00:00,23.39027777777778,True,Develop bounded-support criterion for alternating-residual quotients
082a2cbf4992bf9c832a580d951e91ad935f8c29,2026-09-11T20:45:45+00:00,2026-09-11T20:45:45+00:00,23.816388888888888,True,Record regular-normal derangement case and audit splitting-automorphism prior result
d575acd10ff0b0f9f2798852887ce8e4b618f400,2026-09-11T20:52:14+00:00,2026-09-11T20:52:14+00:00,23.924444444444443,True,Prove alternating-residual triangle quotient criterion and complete Problem 15.92
bcde9aa108bf9e067a98e36e9c7fea7168f7d13e,2026-09-11T21:08:03+00:00,2026-09-11T21:08:03+00:00,24.188055555555554,True,Record periodic counterexample to 4.75 from the 10.62 construction
a4b4c0a79b5b9df3400e346dc0de306e6b07d003,2026-09-11T21:32:12+00:00,2026-09-11T21:32:12+00:00,24.590555555555557,True,"Record exact 6.47 pilot and class-two identity proof, plus 5.25 partial"
ee09ab8f5e7f0e3971276c960816c87c8b060d6d,2026-09-11T21:44:27+00:00,2026-09-11T21:44:27+00:00,24.794722222222223,True,Make the 7.58 image criterion explicit and document McCool prior result
58b30d9dae2473b55f85222ea766163ad46a1417,2026-09-11T21:59:14+00:00,2026-09-11T21:59:14+00:00,25.04111111111111,True,Prove finite-translation obstruction for quasigroup isotope generation (9.4)
ec759d901b6a13606d0b8581545286f60ba83b3b,2026-09-11T22:07:59+00:00,2026-09-11T22:07:59+00:00,25.186944444444446,True,Record the prior negative answer to 5.25 and finite-rank announcement
62dc4b399c565fa08429f9f7e4e95522e11a964c,2026-09-11T22:14:00+00:00,2026-09-11T22:14:00+00:00,25.287222222222223,True,Freeze 6.47 extension with 88 certified outputs and all timeout records
a3c709c7b4a78029f32ed301aa44e682e5d2ad46,2026-09-11T22:27:42+00:00,2026-09-11T22:27:42+00:00,25.515555555555554,True,Certify direct word-vector enumeration for twelve formerly timed-out groups
411d4df426934a8a572397558e2d7e8cf090e1f3,2026-09-11T22:56:33+00:00,2026-09-11T22:56:33+00:00,25.996388888888887,True,Prove unbounded Brauer-degree 2-parts at fixed Sylow order for 12.40
af8b11a13a2067f9b44c58d136cb31cd35a2b80c,2026-09-11T23:24:29+00:00,2026-09-11T23:24:29+00:00,26.461944444444445,True,Prove non-nilpotent tensor completion for Problem 13.42
f3c185bac03590861e8afc4787d8cdcac9f75b0e,2026-09-11T23:38:20+00:00,2026-09-11T23:38:20+00:00,26.692777777777778,True,Audit 16.45 p-group pilot and record prior answer to 16.14
34db44691dca28c5f399856ad49aa1eba48bf2ad,2026-09-12T00:04:41+00:00,2026-09-12T00:04:41+00:00,27.131944444444443,True,Prove candidate closure under cyclic wreath products for 14.26
d4362cb080b8b098ffd5865a83ac5f02127689e7,2026-09-12T00:13:26+00:00,2026-09-12T00:13:26+00:00,27.27777777777778,True,Audit 2435 additional p-groups for 16.45
3baaf70003fd93c05eb6432330f5f9b8b759eece,2026-09-12T00:32:26+00:00,2026-09-12T00:32:26+00:00,27.594444444444445,True,Prove class-four case of 18.120 and certify bounded factorization search
179dd8fd63dc3f1b1160f2a1f46255f86f44242a,2026-09-12T00:46:05+00:00,2026-09-12T00:46:05+00:00,27.821944444444444,True,Prove character-regularity partial for small-class p-groups and audit prior class-two theorem
c96ba8b2e02af6adf08cdc895b0541beadf8286e,2026-09-12T00:56:50+00:00,2026-09-12T00:56:50+00:00,28.00111111111111,True,Audit 11.78 disconnected scope and prior connected theorems
f27cc2402d831bc2c453fd36e78940a703200b77,2026-09-12T01:03:22+00:00,2026-09-12T01:03:22+00:00,28.11,True,Record classical Segre counterexample to literal 15.44(a)
99aea112c7e71e8932468d9a81b612f24903984f,2026-09-12T01:25:17+00:00,2026-09-12T01:25:17+00:00,28.475277777777777,True,Prove candidate rigidity for categories of free solvable groups
ade26e0a3bb24560be632faf8aa21cf810c46daa,2026-09-12T01:36:35+00:00,2026-09-12T01:36:35+00:00,28.663611111111113,True,Prove candidate periodicity for subgroups in set products
888975082a7959863f91a89f4e13976e17f4f1e9,2026-09-12T01:47:58+00:00,2026-09-12T01:47:58+00:00,28.85333333333333,True,Record prior Artin D5 linearity consequence and scope triage
ee057f6097458312217490f1a92e444936924583,2026-09-12T02:16:39+00:00,2026-09-12T02:16:39+00:00,29.33138888888889,True,Add triangle-presentation counterexample candidate for 19.93
ebf3afe6d121f7dddd744b07c9bce39d26685b84,2026-09-12T02:19:04+00:00,2026-09-12T02:19:04+00:00,29.371666666666666,True,Archive bounded Baer-Suzuki table screen and source limits
e7dcd955b943d325a0b56176742298052683607e,2026-09-12T02:35:26+00:00,2026-09-12T02:35:26+00:00,29.644444444444446,True,Record prior stability theorem and reject withdrawn quotient claim
8e67b38911455ab15c07ddd5cdae1fac17828bad,2026-09-12T02:49:03+00:00,2026-09-12T02:49:03+00:00,29.871388888888887,True,Prove coprime total 2-closure and record 20.1 affirmative candidate
1764cdace75332461d9a6d83c8e62ec9faac4a41,2026-09-12T02:51:49+00:00,2026-09-12T02:51:49+00:00,29.9175,True,Record prior determinant obstruction resolving 20.3
1b6d409847978df07c85fa6c8467b67201e89fbe,2026-09-12T03:02:52+00:00,2026-09-12T03:02:52+00:00,30.101666666666667,True,Archive Minasyan prior solution of virtual retractions problem
a78eb57d6507bba61faef89c3a83f5395547e2d3,2026-09-12T03:14:00+00:00,2026-09-12T03:14:00+00:00,30.287222222222223,True,Archive 20.21 six-order search with independent table controls
b5158fe5b6fe85372f016f9c47c823b7a228fbf7,2026-09-12T03:24:21+00:00,2026-09-12T03:24:21+00:00,30.459722222222222,True,Audit prior 20.21 reduction and launch controlled order-768 search
fff2e5e29894be2d8afc50dd8cea3427d7b8066f,2026-09-12T03:30:18+00:00,2026-09-12T03:30:18+00:00,30.558888888888887,True,Prove a nilpotent-normal growth bound for partial 21.102 coverage
6ff23b1a5ee5d96b43088b3292d5545a939edbce,2026-09-12T03:33:03+00:00,2026-09-12T03:33:03+00:00,30.60472222222222,True,Restart 20.21 extension with exact nilpotent-group exclusion
2835cacc46d2da92d3010a3c4f38a89b3e03d84c,2026-09-12T03:57:20+00:00,2026-09-12T03:57:20+00:00,31.009444444444444,True,Archive exhaustive C2 carpet pilot with independent matrix controls
6ff501d2b763cfdc32c45564ead32934e299bafd,2026-09-12T04:03:28+00:00,2026-09-12T04:03:28+00:00,31.111666666666668,True,Exclude order 768 in 20.21 with all kernel pairs independently checked
997612a541b2033b2df41ff1402e79f322dd9654,2026-09-12T04:20:28+00:00,2026-09-12T04:20:28+00:00,31.395,True,Audit all G2 prime-field carpets with direct matrix closure checks
5b4f9ad69765afb03b868d0c8d93cc74b317b4a9,2026-09-12T04:21:30+00:00,2026-09-12T04:21:30+00:00,31.412222222222223,True,Reduce order 1536 kernel search to 18028 groups and validate interval controls
004908df8001e043a7b82f892a21448639ac59a0,2026-09-12T04:29:04+00:00,2026-09-12T04:29:04+00:00,31.538333333333334,True,Prepare 135700 G2 ring carpets with exhaustive closure controls and faithful actions
25bd9c7ec61f571fa48dcd0208ac1488cddb2ed8,2026-09-12T04:43:05+00:00,2026-09-12T04:43:05+00:00,31.771944444444443,True,Archive full order 1536 search and prepare independent kernel table audit
d36f8bfe437455dc423631733a5aa36ab1db30ce,2026-09-12T04:48:37+00:00,2026-09-12T04:48:37+00:00,31.864166666666666,True,Audit 135700 G2 carpets over four rings and 2214 independent matrix controls
37a1ac3e28e8c09534da303fd8de47490ed69bed,2026-09-12T04:51:19+00:00,2026-09-12T04:51:19+00:00,31.909166666666668,True,Prepare G2 F9 carpets and justify the projective action using simplicity
315b26950267bb7d93c80abc507c4b3a1260ecb2,2026-09-12T04:52:47+00:00,2026-09-12T04:52:47+00:00,31.933611111111112,True,Validate carpet sharding against every frozen C2 F4 result and launch G2 F9 shards
48b7c2c3d1ccb3e0d4a2793414befb9167ba3c7e,2026-09-12T05:01:54+00:00,2026-09-12T05:01:54+00:00,32.08555555555556,True,Record exact F9 preparation replay and prepare independent matrix controls
3631aed1291afc3cd91a4fea226845ef320fff39,2026-09-12T05:04:29+00:00,2026-09-12T05:04:29+00:00,32.12861111111111,True,Record finite affine obstruction to a prime-product shortcut for 14.97
f951b2673bd507612f82f3bff2eb0ff50bc4825f,2026-09-12T07:46:09+00:00,2026-09-12T07:46:09+00:00,34.823055555555555,True,Exclude order 1536 with every kernel pair independently certified; raise lower bound to 3072
e664720222ae738eb58c621166034ca7a2c6dc30,2026-09-12T07:58:47+00:00,2026-09-12T07:58:47+00:00,35.033611111111114,True,Audit all G2 F9 carpets and independent matrix controls
c986b8f03c5b4c8445da9aecbb383e94fcf851a1,2026-09-12T08:01:08+00:00,2026-09-12T08:01:08+00:00,35.07277777777778,True,Compute G2 Z9 carpets by verified congruence kernels
828cce1b58b15a46a952d438b860724d84c5ab6c,2026-09-12T08:05:07+00:00,2026-09-12T08:05:07+00:00,35.13916666666667,True,Audit all G2 Z9 carpets with exact matrix kernels
85251bd7e57e45d4ab0db5e0aac679f97bf15858,2026-09-12T08:17:22+00:00,2026-09-12T08:17:22+00:00,35.343333333333334,True,Audit finite derived carpets and source definitions for 19.62
374ef5dc386ddf30633df381c87a7a1d021f7388,2026-09-12T08:25:50+00:00,2026-09-12T08:25:50+00:00,35.48444444444444,True,Certify derived G2 carpet closedness over arbitrary rings
c0ec68ae9ea600596e06dc7e89fa9f2f65345611,2026-09-12T08:39:35+00:00,2026-09-12T08:39:35+00:00,35.71361111111111,True,Certify all remaining rank-four derived-carpet targets
d205de8472094549a9e8ee28d7653db1eba4dadb,2026-09-12T08:49:47+00:00,2026-09-12T08:49:47+00:00,35.88361111111111,True,Prove candidate 19.62 in every root type with audited integer certificates
43d51dde80034eed2c09565eadf875160a1549a7,2026-09-12T09:01:25+00:00,2026-09-12T09:01:25+00:00,36.0775,True,Shorten 19.62 to a stronger rank-two theorem and nineteen explicit derivations
18a031c65bfdefff40eb184a637f8eb7cfbc8205,2026-09-12T09:12:22+00:00,2026-09-12T09:12:22+00:00,36.26,True,Prove candidate 19.61 by square completion with unchanged derived carpet
3b5ff221c70f4439fc5c417526d64dbc57d42d5e,2026-09-12T09:14:03+00:00,2026-09-12T09:14:03+00:00,36.28805555555556,True,Record next carpet-closedness lead and the unresolved rank-one extraction step
ee0a1959c7d4ab9cfab1a3d4835d9642d71cb6ce,2026-09-12T09:24:05+00:00,2026-09-12T09:24:05+00:00,36.45527777777778,True,Audit omitted-root-pair lemma and record the remaining 15.46 obstruction
7675cf3ae6b9e4b99adfa19b8ccede24c218250b,2026-09-12T09:24:18+00:00,2026-09-12T09:24:18+00:00,36.458888888888886,True,"Retain the hash-bound 2019 source PDF, article text and theorem image"
c3216db8aab4ad79b8a76c4a1242421070c36979,2026-09-12T09:41:55+00:00,2026-09-12T09:41:55+00:00,36.7525,True,Develop two constructions for 21.76 and verify finite and polynomial controls
f9fb916c02ff4eb20e66ea890eacf3827e8b9743,2026-09-12T09:46:21+00:00,2026-09-12T09:46:21+00:00,36.826388888888886,True,Audit and freeze the affirmative candidate for 21.76 in every odd characteristic
782bf08ab4f4e52c6da645679214b2bb098ff17a,2026-09-12T09:55:14+00:00,2026-09-12T09:55:14+00:00,36.974444444444444,True,Audit the prior answer to 19.48 and retain an explicit quadratic counterexample
7a277963e9faedd15d0666a1a11287e6533df739,2026-09-12T09:55:25+00:00,2026-09-12T09:55:25+00:00,36.9775,True,Record the latest live n7 verification progress
71ed974eb4939acdb2167f312e1fa85d6000f44c,2026-09-12T10:12:52+00:00,2026-09-12T10:12:52+00:00,37.26833333333333,True,"Audit prior answers to 17.113, 19.1 and 19.9 with retained evidence"
181b07cc9a13d2b143d5872cb8fa3f22568ed0c8,2026-09-12T10:37:16+00:00,2026-09-12T10:37:16+00:00,37.675,True,Prove sharp partial bounds for 17.118 with independent finite models
08b8e218fe1f70dd012abf5f5989116ffca154aa,2026-09-12T10:57:21+00:00,2026-09-12T10:57:21+00:00,38.00972222222222,True,Prove the nilpotent case of cyclic word coverage and audit prior sources
18fd353797fdfde84e982cafed6c3eca587f19e7,2026-09-12T11:17:58+00:00,2026-09-12T11:17:58+00:00,38.35333333333333,True,Audit 20.112 retained cases with independent maximal-chain certificates
42c828be8dce86619cd7177bbb890b3034012f9a,2026-09-12T11:38:10+00:00,2026-09-12T11:38:10+00:00,38.69,True,Record integral finiteness reductions and audit field-duality source scope
519fe8a65c6da15b6617c5eee75c8ea674b0a746,2026-09-12T12:01:44+00:00,2026-09-12T12:01:44+00:00,39.08277777777778,True,Audit 21.100 coprime actions with independent induced-character certificates
24eb5ec15c3c3c4b4592e4bf8d0dd390c23756e9,2026-09-12T12:30:02+00:00,2026-09-12T12:30:02+00:00,39.55444444444444,True,Certify 21.99 through degree 47 with independent generator-word proofs
2191f24d1a5bc8c8777a3b8f9062e9f5153e62a8,2026-09-12T12:44:38+00:00,2026-09-12T12:44:38+00:00,39.797777777777775,True,Reclassify 21.132 using the classical homogeneous radical theorem
83010dc10418db62e5c47dc6b9c0915be5772a4f,2026-09-12T13:13:08+00:00,2026-09-12T13:13:08+00:00,40.272777777777776,True,Prove a central-product theorem and derived-length-three examples for 21.114
2cf0a752ee4a51510d509213b777d704e4b89609,2026-09-12T13:31:06+00:00,2026-09-12T13:31:06+00:00,40.57222222222222,True,Prove 20.100 for n=7 with complete independently checked certificates
65ab2bac10bad1fd75abe85455ae36004ee3d914,2026-09-12T14:01:03+00:00,2026-09-12T14:01:03+00:00,41.07138888888889,True,Give a proper-power counterexample to Problem 11.115 with independent word checks
3a7915a224d3592716803f8bb7a4fc8449eaddda,2026-09-12T14:01:59+00:00,2026-09-12T14:01:59+00:00,41.08694444444444,True,Preserve the bounded ANUPQ feasibility probe for Problem 20.113
04912a871bf5cca60919855e7abb0ccce0595b57,2026-09-12T14:03:25+00:00,2026-09-12T14:03:25+00:00,41.11083333333333,True,Audit the stopped 20.113 probe and record its exact completion scope
91ab465fd457204a1deaf5342e1f8be62fa0bd3c,2026-09-12T14:31:41+00:00,2026-09-12T14:31:41+00:00,41.581944444444446,True,Prove a class-two refinement of 16.14 and reconcile its prior-result status
2db413ec15916c6a35ede7ee8b282ad24c788d8d,2026-09-12T15:05:03+00:00,2026-09-12T15:05:03+00:00,42.13805555555555,True,Prove 20.122 inclusion-minimal counterexample in soluble group of order 48
220b21f15aff97a83faad1790249eb7b3837e7de,2026-09-12T15:21:39+00:00,2026-09-12T15:21:39+00:00,42.414722222222224,True,Complete 20.122 with soluble minimum-order wreath counterexample
5fbc652c23e1c4462522c83a36c908616f11a6ac,2026-09-12T16:03:27+00:00,2026-09-12T16:03:27+00:00,43.11138888888889,True,Prove triangular and torsion-free cases of the almost Engel question
1aca201fbb422649afb84589c65bdba5309e6acf,2026-09-12T16:19:46+00:00,2026-09-12T16:19:46+00:00,43.38333333333333,True,Construct Rota-Baxter operators with commutator image in infinite rank
77f24f8450dccd95231f100444378e140dff267d,2026-09-12T16:46:45+00:00,2026-09-12T16:46:45+00:00,43.83305555555555,True,Verify metabelian and virtually abelian Engel-sink consequences
a300aa5485992fecc4d4b7f200c91e1e23c6f40c,2026-09-12T17:12:38+00:00,2026-09-12T17:12:38+00:00,44.26444444444444,True,Prove unbounded system-normalizer intersections for 17.39
7f1606dabd6f59251ec6d5e1508af0aac2a1494b,2026-09-12T17:49:49+00:00,2026-09-12T17:49:49+00:00,44.884166666666665,True,Prove almost Engel closure for characteristic-zero linear groups
60dcbfb4a64a80233629afee3568d599a4a68316,2026-09-12T18:20:31+00:00,2026-09-12T18:20:31+00:00,45.395833333333336,True,Prove the unit-parameter Engel criterion over infinite fields
77b1886612f5f4c9fc166666c14a23fa102b442d,2026-09-12T18:45:24+00:00,2026-09-12T18:45:24+00:00,45.81055555555555,True,Prove almost Engel closure under bounded finite-subgroup orders
f303c233f153b7f9b6bb575590ca15e5c1182438,2026-09-12T19:06:55+00:00,2026-09-12T19:06:55+00:00,46.16916666666667,True,Archive and audit the 46-candidate review handoff
bbaf36b1f96a26458f42808e63e97d999638b1d9,2026-09-12T19:24:39+00:00,2026-09-12T19:24:39+00:00,46.46472222222222,True,Review all 46 candidate scopes against fresh PDF excerpts
a6ff4b257962bce76a2617d18474ce255b2ebecf,2026-09-12T19:57:36+00:00,2026-09-12T19:57:36+00:00,47.013888888888886,True,Prove sharp exponent-two partial bounds for soluble p-Jordan groups
db45c67bb934dfed45559783f81ad97f4d207e2e,2026-09-12T20:04:41+00:00,2026-09-12T20:04:41+00:00,47.13194444444444,True,Compute an exact nonsoluble Jordan exponent with all two-factor subgroups verified
acba10301f8e2be86244ffd90e1c5b6279aa49c9,2026-09-12T20:16:36+00:00,2026-09-12T20:16:36+00:00,47.330555555555556,True,Preserve p-Jordan exponents under finite-index passage and finite p-kernels
8cd100d95be7bc7013c577a61297f4822963cf29,2026-09-12T20:20:35+00:00,2026-09-12T20:20:35+00:00,47.39694444444444,True,Prepare final research report and record selected proof rereads
4ffd8d9efc8d9bbdbcb4b21fa1bd1831da9605e3,2026-09-12T20:25:41+00:00,2026-09-12T20:25:41+00:00,47.481944444444444,True,Preserve Jordan exponents under finite normal quotients in the generalized class
da6ce3acf0861a81e52ceae89eda78b2623d17f7,2026-09-12T20:32:53+00:00,2026-09-12T20:32:53+00:00,47.60194444444444,True,Audit closeout evidence and archive required SmallGroups catalogue sources
b005df9c4b7d1ccf46fc6eb11f95b7f8d9264ec1,2026-09-12T20:43:26+00:00,2026-09-12T20:43:26+00:00,47.77777777777778,True,Record eight further candidate proof rereads before closeout
9625612675d4b0ec16b3cdda7843d0d32e4387e1,2026-09-12T20:45:35+00:00,2026-09-12T20:45:35+00:00,47.81361111111111,True,Review five further constructions and clarify the 20.90 proof links
0a11dba20f233d343f0977ba61c6d437ffb318fd,2026-09-12T20:49:29+00:00,2026-09-12T20:49:29+00:00,47.87861111111111,True,Prepare guarded final closeout and exact local archive commit
1b3e07d65b6a038c03cc34ae85d2afd7e28e5f19,2026-09-12T20:54:34+00:00,2026-09-12T20:54:34+00:00,47.96333333333333,True,Label the superseded 18.18 partial status during final closeout
cff2c37b9bf6b737e8ad5f7ead12291a551b5201,2026-09-12T20:57:02+00:00,2026-09-12T20:57:02+00:00,48.004444444444445,False,Close the 48-hour research window and archive the final review handoff
